{
    "normal": {
        "error": "❌",
        "check": "✔️",
        "music": "🎵",
        "volume": "🔉",
        "ball": "🎱",
        "christmas": "🎄",
        "heart": "❤️",
        "paper": "📰",
        "scissors": "✂️",
        "stone": "🪨",
        "pong": "🏓",
        "birthday": "🎂",
        "clock": "⏰",
        "gift": "🎁",
        "medal": "🏅",
        "party": "🎉",
        "info": "ℹ️",
        "arrowDown": "⬇️",
        "arrowUp": "⬆️",
        "dcredits": "💳",
        "tv": "📺",
        "slash": ""
    },

    "Bot": {
        "add": "📥",
        "info": "ℹ️",
        "min": "🔻"
    },

    "economy": {
        "pocket": "👛",
        "bank": "🏦",
        "coins": "💰"
    },

    "music": {
        "next": "⏭️",
        "pause": "⏸️",
        "previous": "⏮️",
        "stop": "⏹️",
        "play": "▶️"
    },

    "badges": {
        "bot": "🤖",
        "management": "👑",
        "bug": "🐛",
        "developer": "👨‍💻",	
        "supporter": "👨‍🔧",
        "team": "👨‍👩‍👧‍👦",
        "booster": "🚀",
        "partner": "🤝",
        "voter": "🗳️",
        "support": "🔧",
        "moderator": "👮",
        "designer": "🎨",
        "active": "🔥",
        "event": "🎉",
        "vip": "👑",
        "marketing": "📈"
    },

    "animated": {
        "loading": "🔄️"
    }
}